sample	variant	requested_fuel	steps	status	terms	occurrences	evidence	jobs	pending	done	job_bytes	rules	lazy_inputs	structure_capable_jobs	result_refs	unique_results	premise_edges	typed_overlap	retained_premise_edges	elimination_receipts	resolved_keys	resolved_key_aligned_bytes	resolved_index_bytes	typed_queries	query_pending	query_done	query_bytes	source_bindings	source_references	binding_scope_edges	source_metadata	graph_sources	borrowed_binding_scope_edges	retained_binding_scope_edges	binding_layout_bytes	binding_aligned_bytes
list	E13	0	0	0	1	0	1	39	39	0	6104	37	0	0	0	0	0	0	0	0	0	0	0	0	0	0	0	0	0	0	0	0	0	0	0	0
list	E13	100	100	0	60	47	56	71	17	54	11112	49	0	0	49	49	36	14	5	0	0	0	0	9	0	9	1216	0	0	0	0	0	0	0	0	0
list	E13	1000	1000	0	127	161	208	401	39	362	61816	142	0	28	214	134	284	75	78	0	11	352	512	61	0	60	8016	12	41	10	3	0	10	0	824	880
list	E13	10000000	1921	1	259	429	555	717	0	717	110744	243	0	93	409	271	857	218	165	1	42	1344	512	261	0	256	34400	21	67	19	4	0	19	0	1424	1504
list	E14	0	0	0	1	0	1	39	39	0	6104	37	0	0	0	0	0	0	0	0	0	0	0	0	0	0	0	0	0	0	0	0	0	0	0	0
list	E14	100	100	0	60	47	56	71	17	54	11112	49	0	0	49	49	36	14	5	0	0	0	0	9	0	9	1216	0	0	0	0	0	0	0	0	0
list	E14	1000	1000	0	127	161	208	401	39	362	61816	142	0	28	214	134	284	75	78	0	11	352	512	61	0	60	8016	12	41	10	3	0	10	0	824	880
list	E14	10000000	1921	1	259	429	555	717	0	717	110632	243	0	93	409	271	857	218	165	1	42	1344	512	261	0	256	34400	21	67	19	4	0	19	0	1424	1504
effect	E13	0	0	0	1	0	1	39	39	0	6104	37	0	0	0	0	0	0	0	0	0	0	0	0	0	0	0	0	0	0	0	0	0	0	0	0
effect	E13	100	100	0	60	47	56	82	28	54	12136	49	0	0	49	49	36	14	5	0	0	0	0	9	0	9	1216	0	0	0	0	0	0	0	0	0
effect	E13	1000	1000	0	69	63	101	781	624	157	122488	357	0	41	104	89	55	24	8	0	4	128	512	16	1	14	2056	48	182	5	0	0	5	0	3104	3136
effect	E13	10000000	13142	1	1546	2680	3414	4118	0	4112	645688	1368	0	1112	2078	1592	5444	1295	797	0	327	10464	4096	1787	0	1753	243000	117	307	44	2	0	44	0	7704	7920
effect	E14	0	0	0	1	0	1	39	39	0	6104	37	0	0	0	0	0	0	0	0	0	0	0	0	0	0	0	0	0	0	0	0	0	0	0	0
effect	E14	100	100	0	60	47	56	82	28	54	12136	49	0	0	49	49	36	14	5	0	0	0	0	9	0	9	1216	0	0	0	0	0	0	0	0	0
effect	E14	1000	1000	0	69	63	101	781	624	157	122456	357	0	41	104	89	55	24	8	0	4	128	512	16	1	14	2056	48	182	5	0	0	5	0	3104	3136
effect	E14	10000000	13142	1	1546	2680	3414	4118	0	4112	644680	1368	0	1112	2078	1592	5444	1295	797	0	327	10464	4096	1787	0	1753	243000	117	307	44	2	0	44	0	7704	7920
captured	E13	0	0	0	1	0	1	39	39	0	6104	37	0	0	0	0	0	0	0	0	0	0	0	0	0	0	0	0	0	0	0	0	0	0	0	0
captured	E13	100	100	0	60	47	56	69	14	55	10680	49	0	0	49	49	36	14	5	0	0	0	0	9	0	9	1216	0	0	0	0	0	0	0	0	0
captured	E13	1000	1000	0	151	217	286	368	86	282	56672	152	0	20	188	154	445	108	106	1	17	544	512	97	0	96	12648	9	42	7	3	0	7	0	616	656
captured	E13	10000000	2307	1	361	632	797	602	0	602	92640	258	0	46	390	319	1422	260	252	3	42	1344	512	304	0	303	40392	11	59	7	5	0	7	0	744	784
captured	E14	0	0	0	1	0	1	39	39	0	6104	37	0	0	0	0	0	0	0	0	0	0	0	0	0	0	0	0	0	0	0	0	0	0	0	0
captured	E14	100	100	0	60	47	56	69	14	55	10680	49	0	0	49	49	36	14	5	0	0	0	0	9	0	9	1216	0	0	0	0	0	0	0	0	0
captured	E14	1000	1000	0	151	217	286	368	86	282	56640	152	0	20	188	154	445	108	106	1	17	544	512	97	0	96	12648	9	42	7	3	0	7	0	616	656
captured	E14	10000000	2307	1	361	632	797	602	0	602	92576	258	0	46	390	319	1422	260	252	3	42	1344	512	304	0	303	40392	11	59	7	5	0	7	0	744	784
quick	E13	0	0	0	1	0	1	110	110	0	16312	37	0	0	0	0	0	0	0	0	0	0	0	0	0	0	0	0	70	0	0	0	0	0	0	0
quick	E13	100	100	0	41	33	38	127	90	37	19016	49	0	0	37	37	19	10	3	0	0	0	0	0	0	0	0	0	70	0	0	0	0	0	0	0
quick	E13	1000	1000	0	70	64	82	825	733	92	118520	179	0	6	69	68	46	14	6	0	0	0	0	9	0	9	1216	96	358	242	0	0	242	0	6840	7536
quick	E13	10000000	766477	1	1037917	114388	94974	43410	0	42789	6726784	13963	0	5580	24149	20593	200403	27387	24504	90	3685	117920	32768	33592	0	32102	4491064	1818	4953	10460	82	0	10460	0	129888	143424
quick	E14	0	0	0	1	0	1	110	110	0	16312	37	0	0	0	0	0	0	0	0	0	0	0	0	0	0	0	0	70	0	0	0	0	0	0	0
quick	E14	100	100	0	41	33	38	127	90	37	19016	49	0	0	37	37	19	10	3	0	0	0	0	0	0	0	0	0	70	0	0	0	0	0	0	0
quick	E14	1000	1000	0	70	64	82	825	733	92	118520	179	0	6	69	68	46	14	6	0	0	0	0	9	0	9	1216	96	358	242	0	0	242	0	6840	7536
quick	E14	10000000	766477	1	1037917	114388	94974	43410	0	42789	6723840	13963	0	5580	24149	20593	200403	27387	24504	90	3685	117920	32768	33592	0	32102	4491064	1818	4953	10460	82	0	10460	0	129888	143424
handler	E13	0	0	0	1	0	1	39	39	0	6104	37	0	0	0	0	0	0	0	0	0	0	0	0	0	0	0	0	0	0	0	0	0	0	0	0
handler	E13	100	100	0	60	47	56	133	78	55	20984	89	0	0	49	49	36	14	5	0	0	0	0	9	0	9	1216	1	7	0	0	0	0	0	64	64
handler	E13	1000	1000	0	103	120	156	558	265	293	87888	241	0	122	154	124	137	53	35	0	14	448	512	55	0	54	7512	17	57	0	0	0	0	0	1088	1088
handler	E13	10000000	2470	1	388	425	530	789	0	789	124880	319	0	223	392	327	685	188	115	0	36	1152	512	207	0	206	28824	17	57	0	0	0	0	0	1088	1088
handler	E14	0	0	0	1	0	1	39	39	0	6104	37	0	0	0	0	0	0	0	0	0	0	0	0	0	0	0	0	0	0	0	0	0	0	0	0
handler	E14	100	100	0	60	47	56	133	78	55	20968	89	0	0	49	49	36	14	5	0	0	0	0	9	0	9	1216	1	7	0	0	0	0	0	64	64
handler	E14	1000	1000	0	103	120	156	558	265	293	87792	241	0	122	154	124	137	53	35	0	14	448	512	55	0	54	7512	17	57	0	0	0	0	0	1088	1088
handler	E14	10000000	2470	1	388	425	530	789	0	789	124768	319	0	223	392	327	685	188	115	0	36	1152	512	207	0	206	28824	17	57	0	0	0	0	0	1088	1088
