case	version	arena_calls	arena_aligned_bytes	malloc_calls	malloc_bytes	calloc_calls	calloc_bytes
list	parent	4449	449184	397	8837	479	3486737
list	candidate	4445	449024	371	5301	479	3486737
effect	parent	28278	2846608	3022	60936	3448	25493593
effect	candidate	28276	2846560	2830	33776	3448	25493593
captured	parent	23369	2235344	2342	67426	3065	23059785
captured	candidate	23349	2234240	2165	40306	3063	23026953
quick	parent	2889582	230721312	68969	4662892	147617	1170534681
quick	candidate	2888479	230668032	63486	3542684	147590	1170091449
handler	parent	4832	483920	355	6010	587	4165153
handler	candidate	4832	483920	337	3362	587	4165153
