sample	revision	requested_fuel	steps	status	terms	occurrences	evidence	jobs	job_bytes	result_refs	typed_queries	premise_edges
list	729d7d1	0	0	pending	1	0	1	39	6272	0	0	0
list	candidate	0	0	pending	1	0	1	39	6272	0	0	0
list	729d7d1	100	100	pending	4	7	11	60	10280	11	0	7
list	candidate	100	100	pending	4	7	11	60	10280	11	0	7
list	729d7d1	1000	1000	pending	96	108	147	399	70800	207	30	189
list	candidate	1000	1000	pending	96	109	148	385	69120	209	30	191
list	729d7d1	5000000	2626	done	259	429	555	814	137224	564	256	857
list	candidate	5000000	2600	done	259	429	555	788	134104	564	256	857
effect	729d7d1	5000000	17892	done	1546	2680	3414	5088	832312	2747	1785	5444
effect	candidate	5000000	17762	done	1546	2680	3414	4958	816712	2747	1785	5444
captured_graph	729d7d1	5000000	8524	done	2549	1992	2605	2056	344256	1343	1161	5031
captured_graph	candidate	5000000	8473	done	2549	1992	2605	2005	338136	1343	1161	5031
quick_local	729d7d1	5000000	800791	done	1037912	114387	94975	48484	8339056	33054	32853	200407
quick_local	candidate	5000000	799401	done	1037912	114387	94975	47101	8173096	33054	32853	200407
