case	version	requested_fuel	steps	status	terms	occurrences	evidence	jobs	pending	done	job_bytes	rules	lazy_inputs	structure_capable_jobs	result_refs	unique_results	premise_edges	typed_overlap	retained_premise_edges	elimination_receipts	resolved_keys	resolved_key_aligned_bytes	resolved_index_bytes	typed_queries	query_pending	query_done	query_bytes
list	parent	0	0	0	1	0	1	39	39	0	6128	37	0	0	0	0	0	0	0	0	0	0	0	0	0	0	0
list	parent	100	100	0	60	47	56	71	17	54	11160	49	0	0	50	49	36	14	5	0	0	0	0	9	0	9	1216
list	parent	1000	1000	0	123	154	194	405	34	370	62456	137	0	28	273	135	255	71	70	0	11	352	512	56	3	53	7440
list	parent	10000000	1950	1	259	429	555	743	0	738	114648	243	0	99	496	274	857	218	165	1	42	1344	512	256	0	256	33760
list	candidate	0	0	0	1	0	1	39	39	0	6128	37	0	0	0	0	0	0	0	0	0	0	0	0	0	0	0
list	candidate	100	100	0	60	47	56	71	17	54	11160	49	0	0	50	49	36	14	5	0	0	0	0	9	0	9	1216
list	candidate	1000	1000	0	123	154	194	405	34	370	62456	137	0	28	273	135	255	71	70	0	11	352	512	56	3	53	7440
list	candidate	10000000	1950	1	259	429	555	737	0	732	113784	243	0	93	496	274	857	218	165	1	42	1344	512	256	0	256	33760
effect	parent	0	0	0	1	0	1	39	39	0	6128	37	0	0	0	0	0	0	0	0	0	0	0	0	0	0	0
effect	parent	100	100	0	60	47	56	82	28	54	12184	49	0	0	50	49	36	14	5	0	0	0	0	9	0	9	1216
effect	parent	1000	1000	0	67	61	96	802	644	157	125440	351	0	36	122	87	53	23	6	0	3	96	512	14	0	14	1824
effect	parent	10000000	13558	1	1546	2680	3414	4396	0	4386	686104	1368	0	1272	2382	1594	5444	1295	797	0	327	10464	4096	1785	0	1754	242728
effect	candidate	0	0	0	1	0	1	39	39	0	6128	37	0	0	0	0	0	0	0	0	0	0	0	0	0	0	0
effect	candidate	100	100	0	60	47	56	82	28	54	12184	49	0	0	50	49	36	14	5	0	0	0	0	9	0	9	1216
effect	candidate	1000	1000	0	67	61	96	802	644	157	125440	351	0	36	122	87	53	23	6	0	3	96	512	14	0	14	1824
effect	candidate	10000000	13390	1	1546	2680	3414	4265	0	4255	667504	1368	0	1141	2382	1594	5444	1295	797	0	327	10464	4096	1785	0	1754	242728
captured	parent	0	0	0	1	0	1	39	39	0	6128	37	0	0	0	0	0	0	0	0	0	0	0	0	0	0	0
captured	parent	100	100	0	60	47	56	72	18	54	10936	49	0	0	50	49	36	14	5	0	0	0	0	9	0	9	1216
captured	parent	1000	1000	0	114	145	209	505	192	313	78376	150	0	35	254	156	264	66	65	0	9	288	512	53	0	53	6584
captured	parent	10000000	6946	1	2549	1992	2605	1888	0	1863	292096	593	0	328	1193	763	5031	949	969	13	140	4480	2048	1161	0	1128	156648
captured	candidate	0	0	0	1	0	1	39	39	0	6128	37	0	0	0	0	0	0	0	0	0	0	0	0	0	0	0
captured	candidate	100	100	0	60	47	56	72	18	54	10936	49	0	0	50	49	36	14	5	0	0	0	0	9	0	9	1216
captured	candidate	1000	1000	0	114	145	209	505	192	313	78376	150	0	35	254	156	264	66	65	0	9	288	512	53	0	53	6584
captured	candidate	10000000	6942	1	2549	1992	2605	1864	0	1839	288640	593	0	304	1193	763	5031	949	969	13	140	4480	2048	1161	0	1128	156648
quick	parent	0	0	0	1	0	1	39	39	0	6128	37	0	0	0	0	0	0	0	0	0	0	0	0	0	0	0
quick	parent	100	100	0	60	47	56	79	25	54	11800	49	0	0	50	49	36	14	5	0	0	0	0	9	0	9	1216
quick	parent	1000	1000	0	61	48	59	1304	1247	57	185024	243	0	2	51	50	37	14	6	0	0	0	0	9	0	9	1216
quick	parent	10000000	766277	1	1037912	114387	94975	44381	0	43025	6881832	13869	0	5651	28457	20651	200407	27387	24506	90	3702	118464	32768	32853	0	32074	4396408
quick	candidate	0	0	0	1	0	1	39	39	0	6128	37	0	0	0	0	0	0	0	0	0	0	0	0	0	0	0
quick	candidate	100	100	0	60	47	56	79	25	54	11800	49	0	0	50	49	36	14	5	0	0	0	0	9	0	9	1216
quick	candidate	1000	1000	0	61	48	59	1304	1247	57	185024	243	0	2	51	50	37	14	6	0	0	0	0	9	0	9	1216
quick	candidate	10000000	766190	1	1037912	114387	94975	44192	0	42836	6854816	13869	0	5462	28457	20651	200407	27387	24506	90	3702	118464	32768	32853	0	32074	4396408
handler	parent	0	0	0	1	0	1	39	39	0	6128	37	0	0	0	0	0	0	0	0	0	0	0	0	0	0	0
handler	parent	100	100	0	60	47	56	133	78	55	20824	88	0	0	50	49	36	14	5	0	0	0	0	9	0	9	1216
handler	parent	1000	1000	0	97	107	139	594	305	288	92952	241	0	134	155	109	124	48	35	0	14	448	512	48	2	46	6440
handler	parent	10000000	2621	1	388	425	530	877	0	876	137536	319	0	270	452	327	685	188	115	0	36	1152	512	206	0	206	28696
handler	candidate	0	0	0	1	0	1	39	39	0	6128	37	0	0	0	0	0	0	0	0	0	0	0	0	0	0	0
handler	candidate	100	100	0	60	47	56	133	78	55	20824	88	0	0	50	49	36	14	5	0	0	0	0	9	0	9	1216
handler	candidate	1000	1000	0	97	107	140	583	291	291	91368	241	0	121	159	112	124	48	35	0	14	448	512	51	0	51	6992
handler	candidate	10000000	2565	1	388	425	530	844	0	843	132816	319	0	237	452	327	685	188	115	0	36	1152	512	206	0	206	28696
