sample	revision	requested_fuel	steps	status	terms	occurrences	evidence	jobs	pending	done	job_bytes	rules	lazy_inputs	structure_capable_jobs	result_refs	unique_results	premise_edges	typed_overlap	retained_premise_edges	elimination_receipts	resolved_keys	resolved_key_aligned_bytes	resolved_index_bytes	typed_queries	query_pending	query_done	query_bytes
list	41e5f48	0	0	0	1	0	1	39	39	0	6216	37	0	0	0	0	0	0	0	0	0	0	0	0	0	0	0
list	41e5f48	100	100	0	4	7	11	60	49	11	9456	49	0	0	11	11	7	0	7	0	0	0	0	0	0	0	0
list	41e5f48	1000	1000	0	96	109	148	381	108	272	61976	114	0	29	201	109	191	51	171	0	10	320	512	30	1	29	5480
list	41e5f48	5000000	2612	1	259	429	555	769	0	764	123008	229	0	120	501	274	857	218	776	1	42	1344	512	256	0	256	45104
list	export-inputs	0	0	0	1	0	1	39	39	0	6216	37	0	0	0	0	0	0	0	0	0	0	0	0	0	0	0
list	export-inputs	100	100	0	4	7	11	60	49	11	9456	49	0	0	11	11	7	0	7	0	0	0	0	0	0	0	0
list	export-inputs	1000	1000	0	96	109	148	381	108	272	61976	114	0	29	201	109	191	51	171	0	10	320	512	30	1	29	5480
list	export-inputs	5000000	2612	1	259	429	555	769	0	764	123008	229	0	120	501	274	857	218	776	1	42	1344	512	256	0	256	45104
effect	41e5f48	0	0	0	1	0	1	39	39	0	6216	37	0	0	0	0	0	0	0	0	0	0	0	0	0	0	0
effect	41e5f48	100	100	0	4	7	11	60	49	11	9456	49	0	0	11	11	7	0	7	0	0	0	0	0	0	0	0
effect	41e5f48	1000	1000	0	66	56	71	799	671	128	132352	357	0	30	92	62	44	19	34	0	2	64	512	13	0	13	2600
effect	41e5f48	5000000	17470	1	1546	2680	3414	4671	0	4661	740800	1368	0	1501	2407	1594	5444	1295	4892	0	327	10464	4096	1785	0	1754	313392
effect	export-inputs	0	0	0	1	0	1	39	39	0	6216	37	0	0	0	0	0	0	0	0	0	0	0	0	0	0	0
effect	export-inputs	100	100	0	4	7	11	60	49	11	9456	49	0	0	11	11	7	0	7	0	0	0	0	0	0	0	0
effect	export-inputs	1000	1000	0	66	56	71	799	671	128	132352	357	0	30	92	62	44	19	34	0	2	64	512	13	0	13	2600
effect	export-inputs	5000000	17470	1	1546	2680	3414	4671	0	4661	740800	1368	0	1501	2407	1594	5444	1295	4892	0	327	10464	4096	1785	0	1754	313392
captured	41e5f48	0	0	0	1	0	1	39	39	0	6216	37	0	0	0	0	0	0	0	0	0	0	0	0	0	0	0
captured	41e5f48	100	100	0	4	7	11	60	49	11	9456	49	0	0	11	11	7	0	7	0	0	0	0	0	0	0	0
captured	41e5f48	1000	1000	0	96	111	160	405	142	263	65728	117	0	15	212	128	193	51	149	0	6	192	512	34	4	30	6368
captured	41e5f48	5000000	8482	1	2549	1992	2605	1948	0	1923	311256	571	0	388	1193	763	5031	949	4688	13	140	4480	2048	1161	0	1128	196272
captured	export-inputs	0	0	0	1	0	1	39	39	0	6216	37	0	0	0	0	0	0	0	0	0	0	0	0	0	0	0
captured	export-inputs	100	100	0	4	7	11	60	49	11	9456	49	0	0	11	11	7	0	7	0	0	0	0	0	0	0	0
captured	export-inputs	1000	1000	0	96	111	160	405	142	263	65728	117	0	15	212	128	193	51	149	0	6	192	512	34	4	30	6368
captured	export-inputs	5000000	8482	1	2549	1992	2605	1948	0	1923	311256	571	0	388	1193	763	5031	949	4688	13	140	4480	2048	1161	0	1128	196272
quick-local	41e5f48	0	0	0	1	0	1	39	39	0	6216	37	0	0	0	0	0	0	0	0	0	0	0	0	0	0	0
quick-local	41e5f48	100	100	0	4	7	11	60	49	11	9456	49	0	0	11	11	7	0	7	0	0	0	0	0	0	0	0
quick-local	41e5f48	1000	1000	0	61	48	59	1115	1059	56	161280	206	0	2	51	50	37	14	29	0	0	0	0	9	0	9	1800
quick-local	41e5f48	5000000	798331	1	1037914	114387	94975	46119	0	44760	7452456	13411	0	7384	28475	20651	200407	27387	194831	90	3684	117888	32768	32853	0	32074	5345744
quick-local	export-inputs	0	0	0	1	0	1	39	39	0	6216	37	0	0	0	0	0	0	0	0	0	0	0	0	0	0	0
quick-local	export-inputs	100	100	0	4	7	11	60	49	11	9456	49	0	0	11	11	7	0	7	0	0	0	0	0	0	0	0
quick-local	export-inputs	1000	1000	0	61	48	59	1115	1059	56	161280	206	0	2	51	50	37	14	29	0	0	0	0	9	0	9	1800
quick-local	export-inputs	5000000	798331	1	1037914	114387	94975	46119	0	44760	7452456	13411	0	7384	28475	20651	200407	27387	194831	90	3684	117888	32768	32853	0	32074	5345744
