file	added	removed	net	category
src/derivation_io.c	79	24	55	implementation
src/derivation_io.h	15	0	15	implementation
src/retained_io.c	18	6	12	implementation
src/retained_io.h	6	0	6	implementation
src/synthesis_derivation.c	120	62	58	implementation
src/synthesis.h	5	3	2	implementation
src/source_io.c	165	133	32	implementation
src/Makefile	1	0	1	build
tests/synthesis.c	51	0	51	tests
tests/derivation_io.c	100	0	100	tests
artifact_tests/metrics.c	16	15	1	diagnostic
export_allocation_audit.c	69	0	69	diagnostic
export_audit.mk	6	0	6	build
artifact_persistence/build.mk	2	1	1	build
implementation_total	408	228	180	implementation
tests_total	151	0	151	tests
diagnostic_total	85	15	70	diagnostic
build_total	9	1	8	build
