case	revision	requested_fuel	steps	status	terms	occurrences	evidence	jobs	pending	done	job_bytes	rules	lazy_inputs	structure_capable_jobs	result_refs	unique_results	premise_edges	typed_overlap	retained_premise_edges	elimination_receipts	resolved_keys	resolved_key_aligned_bytes	resolved_index_bytes	typed_queries	query_pending	query_done	query_bytes
list	parent	0	0	0	1	0	1	39	39	0	6128	37	0	0	0	0	0	0	0	0	0	0	0	0	0	0	0
list	parent	100	100	0	4	7	11	60	49	11	9368	49	0	0	11	11	7	0	7	0	0	0	0	0	0	0	0
list	parent	1000	1000	0	96	109	148	376	103	272	57368	114	0	29	201	109	191	51	155	0	10	320	512	30	1	29	5480
list	parent	10000000	2602	1	259	429	555	764	0	759	117080	229	0	120	496	274	857	218	721	1	42	1344	512	256	0	256	45104
list	candidate	0	0	0	1	0	1	39	39	0	6128	37	0	0	0	0	0	0	0	0	0	0	0	0	0	0	0
list	candidate	100	100	0	4	7	11	60	49	11	9368	49	0	0	11	11	7	0	7	0	0	0	0	0	0	0	0
list	candidate	1000	1000	0	96	109	148	376	103	272	57368	114	0	29	201	109	191	51	133	0	10	320	512	30	1	29	5480
list	candidate	10000000	2602	1	259	429	555	764	0	759	117080	229	0	120	496	274	857	218	533	1	42	1344	512	256	0	256	45104
effect	parent	0	0	0	1	0	1	39	39	0	6128	37	0	0	0	0	0	0	0	0	0	0	0	0	0	0	0
effect	parent	100	100	0	4	7	11	60	49	11	9368	49	0	0	11	11	7	0	7	0	0	0	0	0	0	0	0
effect	parent	1000	1000	0	66	56	71	794	664	130	124552	358	0	33	92	62	44	19	34	0	3	96	512	13	0	13	2600
effect	parent	10000000	17450	1	1546	2680	3414	4661	0	4651	724672	1368	0	1501	2397	1594	5444	1295	4662	0	327	10464	4096	1785	0	1754	313392
effect	candidate	0	0	0	1	0	1	39	39	0	6128	37	0	0	0	0	0	0	0	0	0	0	0	0	0	0	0
effect	candidate	100	100	0	4	7	11	60	49	11	9368	49	0	0	11	11	7	0	7	0	0	0	0	0	0	0	0
effect	candidate	1000	1000	0	66	56	71	794	664	130	124552	358	0	33	92	62	44	19	34	0	3	96	512	13	0	13	2600
effect	candidate	10000000	17450	1	1546	2680	3414	4661	0	4651	724672	1368	0	1501	2397	1594	5444	1295	3316	0	327	10464	4096	1785	0	1754	313392
captured	parent	0	0	0	1	0	1	39	39	0	6128	37	0	0	0	0	0	0	0	0	0	0	0	0	0	0	0
captured	parent	100	100	0	4	7	11	60	49	11	9368	49	0	0	11	11	7	0	7	0	0	0	0	0	0	0	0
captured	parent	1000	1000	0	96	111	160	405	142	263	61200	117	0	15	212	128	193	51	141	0	6	192	512	34	4	30	6368
captured	parent	10000000	8482	1	2549	1992	2605	1948	0	1923	299920	571	0	388	1193	763	5031	949	4547	13	140	4480	2048	1161	0	1128	196272
captured	candidate	0	0	0	1	0	1	39	39	0	6128	37	0	0	0	0	0	0	0	0	0	0	0	0	0	0	0
captured	candidate	100	100	0	4	7	11	60	49	11	9368	49	0	0	11	11	7	0	7	0	0	0	0	0	0	0	0
captured	candidate	1000	1000	0	96	111	160	405	142	263	61200	117	0	15	212	128	193	51	125	0	6	192	512	34	4	30	6368
captured	candidate	10000000	8482	1	2549	1992	2605	1948	0	1923	299920	571	0	388	1193	763	5031	949	3433	13	140	4480	2048	1161	0	1128	196272
quick-local	parent	0	0	0	1	0	1	39	39	0	6128	37	0	0	0	0	0	0	0	0	0	0	0	0	0	0	0
quick-local	parent	100	100	0	4	7	11	60	49	11	9368	49	0	0	11	11	7	0	7	0	0	0	0	0	0	0	0
quick-local	parent	1000	1000	0	61	48	59	1115	1059	56	158336	206	0	2	51	50	37	14	29	0	0	0	0	9	0	9	1800
quick-local	parent	10000000	798331	1	1037914	114387	94975	46119	0	44760	7124800	13411	0	7384	28475	20651	200407	27387	190379	90	3684	117888	32768	32853	0	32074	5345744
quick-local	candidate	0	0	0	1	0	1	39	39	0	6128	37	0	0	0	0	0	0	0	0	0	0	0	0	0	0	0
quick-local	candidate	100	100	0	4	7	11	60	49	11	9368	49	0	0	11	11	7	0	7	0	0	0	0	0	0	0	0
quick-local	candidate	1000	1000	0	61	48	59	1115	1059	56	158336	206	0	2	51	50	37	14	29	0	0	0	0	9	0	9	1800
quick-local	candidate	10000000	798331	1	1037914	114387	94975	46119	0	44760	7124800	13411	0	7384	28475	20651	200407	27387	153416	90	3684	117888	32768	32853	0	32074	5345744
