case	source	sha256
list	examples/09_list_induction.p	f2d58b2c2161c086f62022943ca63e9acdca3c2dd7c6fd1979cc4c7ff7c15b37
effect	tests/acceptance/effect-application.p	ffc30183819f8c60017bf1dfe7109a04f0f75595fd5afeff6f076f0d9c37e928
captured	tests/acceptance/function-graph-captured-match.p	d413867b85c37586d4e901e0212427666efdca2ad46845d7a26d64c0628acab1
quick	/tmp/a-program-state-audit-quick-local.p	d3ca3cecdcb7be94aabe268d47f2dd7e3ec0d4db71610ff1efe24552dd980869
handler	src/prototype/c_backend/fixtures/handler.p	f904010c3ad9ff109f73535b0019f9329d10202eb583e43d9ddab84a16b8f6e2
source_parent	src/prototype/solver_inputs/telescope_owner_verified/src/synthesis.c	5b95c880a03c46469866a3dced11c9fe60bdc5e9b1a16bc18f388dd1b1614d18
source_parent	src/prototype/solver_inputs/telescope_owner_verified/src/synthesis_work.c	1ccf745c7fad7b7bdda26f1187dacd92cc7222577d83537cc7027fae38be238a
source_parent	src/prototype/solver_inputs/telescope_owner_verified/src/synthesis_work.h	8949ba50de22e54ac89a8c2b950a9240e2cdc72a9cd4b72a2f30d3077c7e73a0
source_parent	src/prototype/solver_inputs/telescope_owner_verified/src/synthesis_cbpv.c	dc2359813d116d16ef43416a7e79937502dfc15dac86a62bfa7f1a9f04957c78
source_parent	src/prototype/solver_inputs/telescope_owner_verified/src/synthesis_handler.c	230722ae876e88935674f44ed1838d6fcdf22c25c015cb095347c5c1d715ace7
source_parent	src/prototype/solver_inputs/telescope_owner_verified/src/synthesis_operation.c	e7bc9a4a714c90bb4b9cadc7f048be5153154d15558c5c2faf0b88a5cd78c5f3
source_parent	src/prototype/solver_inputs/telescope_owner_verified/src/synthesis_iadt.c	f6ed0d6437279de668e16213861ee08445fe3dc971e72e6042a1faa62ca4dcc9
source_parent	src/prototype/solver_inputs/telescope_owner_verified/src/synthesis_schema.c	9eca076563ee6665b2a14ca96bf14d03e88f18d65d389a02b8a526288040ffb3
test_parent	src/prototype/solver_inputs/telescope_owner_verified/tests/synthesis.c	0678dea3df116dd33a01ce1ba3e8fbe51fa5c543f917cba81af95f08adfc743a
census_binary_parent	/tmp/a-program-telescope-owner-checkpoint/artifact_state_audit	55e3d5c00ac4e76f8e1de60fe38f025e528215a470e5d2f198e40e3b29a2c557
source_candidate	src/prototype/solver_inputs/return_owner_verified/src/synthesis.c	86b1d78c576fcd0cbb29bc087f99474f1a294b2ed4410802bcd485b89488835a
source_candidate	src/prototype/solver_inputs/return_owner_verified/src/synthesis_work.c	49a9a888e564e9c558dcb4a70f2da346b6e3fbaf1c008f35c73068c54f8c430e
source_candidate	src/prototype/solver_inputs/return_owner_verified/src/synthesis_work.h	4e54f054144d0d878640d9a9e353adba3a8ad2615c97936f867e3ded4c309ec1
source_candidate	src/prototype/solver_inputs/return_owner_verified/src/synthesis_cbpv.c	bdb7510247e9ec15f9881f2e3d2a02389d6377025fc28256eb38ae412ced5fb7
source_candidate	src/prototype/solver_inputs/return_owner_verified/src/synthesis_handler.c	0786f8850e99cf9c4ec365890c8570de0be1961851166c0239be0fb458d076ed
source_candidate	src/prototype/solver_inputs/return_owner_verified/src/synthesis_operation.c	0e9f3e473bb825d856ddfe2f9a2ee4108c9acd8ab2ef15dafc4209d7aabf5bac
source_candidate	src/prototype/solver_inputs/return_owner_verified/src/synthesis_iadt.c	ea284effae3a8449f6e56a9b5dfabd03e967aeee767f2e0f251f3e3fbca9aa4c
source_candidate	src/prototype/solver_inputs/return_owner_verified/src/synthesis_schema.c	55d097885d25f3a75013fadcb4d21d994f644d09d5c64f9fac4d73794317c277
test_candidate	src/prototype/solver_inputs/return_owner_verified/tests/synthesis.c	cbe091b444b90b836792582380122d02b26cf8372a6b00d126e73a9b8960b71d
census_binary_candidate	/tmp/a-program-return-owner-checkpoint/artifact_state_audit	cfed126fd4e356f56addb4ec36cc81f6948f5133614894f00087ff0636d4f858
debug_census_binary_parent	/tmp/a-program-return-owner-debug-parent/artifact_state_audit	f5fbcc5bef309dc681c055147ca627763f976d9dc414d80bb4887c35f1f0a410
debug_census_binary_candidate	/tmp/a-program-return-owner-debug-candidate/artifact_state_audit	043607ae0650256eb2e3b13b0e71fda60393bde3a0f7ee06f64f2ae69e17b4f9
