role	parent_count	candidate_count	parent_layout_bytes	candidate_layout_bytes
BODY_JOB	33	33	4752	4752
CLASSIFIER_FORMATION_JOB	57	58	7752	7888
CLASSIFIER_JOB	32	32	4608	4608
CLASSIFIER_STRUCTURE_JOB	129	127	19328	19040
CONVERSION_JOB	1	1	128	128
DECLARED_TYPE_JOB	15	17	2160	2448
DEFINITION_JOB	4	4	512	512
DEFINITION_SCOPE_JOB	1	1	200	200
DERIVATION_JOB	319	319	51688	51688
EXPECT_JOB	14	14	1904	1904
FORMATION_JOB	1	1	120	120
HANDLER_CLAUSE_JOB	4	4	672	672
HANDLER_JOB	4	4	640	640
HANDLER_RETURN_JOB	5	5	800	800
NORMALIZATION_JOB	23	23	3496	3496
OPERATION_JOB	1	1	160	160
PI_SCOPE_JOB	12	12	1728	1728
SCOPE_CONTEXT_JOB	13	13	1768	1768
SEQUENCE_JOB	7	7	1344	1344
SOURCE_APPLICATION	14	14	3248	3248
SOURCE_BLOCK	7	7	1288	1288
SOURCE_MODULE	1	1	152	152
SOURCE_REFERENCE	26	26	3952	3952
SOURCE_RETURN_HANDLER	1	0	120	0
TERM_STRUCTURE_JOB	92	92	16360	16360
contribution_class	12	12	1632	1632
row_class	15	15	2160	2160
