sample	metric	parent_85c5549	candidate	delta
list-09	steps	2626	2626	0
list-09	logical_premise_edges	857	857	0
list-09	retained_premise_edges	825	816	-9
effect-application	steps	17892	17892	0
effect-application	logical_premise_edges	5444	5444	0
effect-application	retained_premise_edges	5267	5262	-5
captured-function-graph	steps	8524	8524	0
captured-function-graph	logical_premise_edges	5031	5031	0
captured-function-graph	retained_premise_edges	4875	4860	-15
captured-function-graph	wrapped_arena_calls	23398	23398	0
captured-function-graph	wrapped_aligned_bytes	2369984	2369840	-144
quick-local	steps	800792	800792	0
quick-local	logical_premise_edges	200407	200407	0
quick-local	retained_premise_edges	199042	198977	-65
quick-local-run-1	wrapped_arena_calls	2896410	2895702	-708
quick-local-run-1	wrapped_aligned_bytes	235428544	235393968	-34576
quick-local-run-2	wrapped_arena_calls	2895872	2896347	475
quick-local-run-2	wrapped_aligned_bytes	235402720	235424928	22208
quick-local-run-3	wrapped_arena_calls	2896233	2896012	-221
quick-local-run-3	wrapped_aligned_bytes	235420048	235408848	-11200
