item	path	sha256
parent	src/prototype/solver_inputs/body_inputs_checked_assembled/src/synthesis.c	30d988d6e2110bf60c6119c173d185e9a8eee610b384d0d6e86ceeb147bfdc92
parent	src/prototype/solver_inputs/body_inputs_checked_assembled/src/synthesis.h	06bb7efe5b408f520484eaa9232f4896ae9984b83f119ebd7fc066f198596ce2
parent	src/prototype/solver_inputs/body_inputs_checked_assembled/src/synthesis_cbpv.c	967c10946a9e90ff9dd1e67d0c92876cf85fd56ad3c89a54024a4defabac2f12
parent	src/prototype/solver_inputs/body_inputs_checked_assembled/src/synthesis_source.h	5536d4599395ee10f0befb0fdcea1b4da66cfac4080d42f792df691af79668d8
parent	src/prototype/solver_inputs/body_inputs_checked_assembled/tests/synthesis.c	08ef3d1b974e4f4a4dbc3e383c60ea32a151d130e3e3b5293efd49414bbf7ee1
parent	src/prototype/solver_inputs/body_inputs_checked_assembled/artifact_tests/state_audit.c	cdafebd63faf863fef1fc4419fd2ad759ce4eaa8ed8ec4ffaf1b36af3db4b16a
candidate	src/prototype/solver_inputs/sequence_origin_assembled/src/synthesis.c	98771086ed5f887db5f2c1947209e920cea06b3b59634aa1dfe319c12bd0363b
candidate	src/prototype/solver_inputs/sequence_origin_assembled/src/synthesis.h	17b396dbb24981d92ce1cb4253047898d62f2d57c057f364fdee79a32f13d4ea
candidate	src/prototype/solver_inputs/sequence_origin_assembled/src/synthesis_cbpv.c	56a5f04804576bde1dc670e616fdb6cf9e0f9ff60d0aaa0c1a351616c131963a
candidate	src/prototype/solver_inputs/sequence_origin_assembled/src/synthesis_source.h	4de49326ecc6da8650649ac501252ed8368f6242137d688d7785e8975ac4cc7c
candidate	src/prototype/solver_inputs/sequence_origin_assembled/tests/synthesis.c	eb560695cb904c2e4f7386ffa93af9dfc20933c2860a24dea04a3f8797d0bbd3
candidate	src/prototype/solver_inputs/sequence_origin_assembled/artifact_tests/state_audit.c	300e53b13a0eccffdaaee3faed9f39a3c3c93cb3c2880f7f5ea2558f7ee66aba
measurement-input	/tmp/a-program-sequence-origin/pointer-check	9253a06c968da54d1a6c6d6d329eeb1fcac0102961c0ef05a57e503a6437578f
measurement-input	/tmp/a-program-body-inputs-fixed/pointer-check	581ea45ea179a0cb5e0e71b5f177bb63d6bb3a9f868e44d89b144eac857ae61e
measurement-input	/tmp/a-program-sequence-origin-parent-census/artifact_state_audit	8706acf3121181b5fdb98f96d33e7ec634e4f865a3993ae9d13ee3c5517393b5
measurement-input	/tmp/a-program-sequence-origin-artifact/artifact_state_audit	78c5ddd71ce93f69a023484208f655c32a2b317bac38ce8523cf04a70c950072
measurement-input	examples/09_list_induction.p	f2d58b2c2161c086f62022943ca63e9acdca3c2dd7c6fd1979cc4c7ff7c15b37
measurement-input	tests/acceptance/effect-application.p	ffc30183819f8c60017bf1dfe7109a04f0f75595fd5afeff6f076f0d9c37e928
measurement-input	tests/acceptance/function-graph-captured-match.p	d413867b85c37586d4e901e0212427666efdca2ad46845d7a26d64c0628acab1
measurement-input	/tmp/a-program-state-audit-quick-local.p	d3ca3cecdcb7be94aabe268d47f2dd7e3ec0d4db71610ff1efe24552dd980869
measurement-input	src/prototype/c_backend/fixtures/handler.p	f904010c3ad9ff109f73535b0019f9329d10202eb583e43d9ddab84a16b8f6e2
