case	version	requested_fuel	steps	status	terms	occurrences	evidence	jobs	pending	done	job_bytes	rules	lazy_inputs	structure_capable_jobs	result_refs	unique_results	premise_edges	typed_overlap	retained_premise_edges	elimination_receipts	resolved_keys	resolved_key_aligned_bytes	resolved_index_bytes	typed_queries	query_pending	query_done	query_bytes	source_bindings	source_references	binding_scope_edges
list	parent	0	0	0	1	0	1	39	39	0	6128	37	0	0	0	0	0	0	0	0	0	0	0	0	0	0	0	0	0	0
list	parent	100	100	0	60	47	56	71	17	54	11160	49	0	0	49	49	36	14	5	0	0	0	0	9	0	9	1216	0	0	0
list	parent	1000	1000	0	127	161	208	402	39	362	62448	142	0	28	251	134	284	75	78	0	11	352	512	60	0	60	7888	12	41	10
list	parent	10000000	1930	1	259	429	555	725	0	720	112392	243	0	93	464	271	857	218	165	1	42	1344	512	256	0	256	33760	21	67	19
effect	parent	0	0	0	1	0	1	39	39	0	6128	37	0	0	0	0	0	0	0	0	0	0	0	0	0	0	0	0	0	0
effect	parent	100	100	0	60	47	56	82	28	54	12184	49	0	0	49	49	36	14	5	0	0	0	0	9	0	9	1216	0	0	0
effect	parent	1000	1000	0	67	61	96	801	645	155	125480	351	0	37	119	85	53	23	6	0	3	96	512	14	0	14	1824	48	182	5
effect	parent	10000000	13323	1	1546	2680	3414	4213	0	4203	660440	1368	0	1141	2240	1592	5444	1295	797	0	327	10464	4096	1785	0	1754	242728	112	302	43
captured	parent	0	0	0	1	0	1	39	39	0	6128	37	0	0	0	0	0	0	0	0	0	0	0	0	0	0	0	0	0	0
captured	parent	100	100	0	60	47	56	72	18	54	10936	49	0	0	49	49	36	14	5	0	0	0	0	9	0	9	1216	0	0	0
captured	parent	1000	1000	0	114	146	210	497	185	312	77544	150	0	36	240	155	266	67	65	0	10	320	512	54	1	53	6688	26	92	22
captured	parent	10000000	6897	1	2549	1992	2605	1842	0	1817	285768	593	0	304	1130	759	5031	949	969	13	140	4480	2048	1161	0	1128	156648	64	156	77
quick	parent	0	0	0	1	0	1	39	39	0	6128	37	0	0	0	0	0	0	0	0	0	0	0	0	0	0	0	0	0	0
quick	parent	100	100	0	60	47	56	79	25	54	11800	49	0	0	49	49	36	14	5	0	0	0	0	9	0	9	1216	0	0	0
quick	parent	1000	1000	0	61	48	59	1303	1246	57	184904	243	0	2	50	50	37	14	6	0	0	0	0	9	0	9	1216	206	622	104
quick	parent	10000000	765556	1	1037912	114387	94975	43916	0	42581	6817696	13869	0	5452	27791	20620	200407	27387	24506	90	3702	118464	32768	32853	0	32074	4396408	1800	4865	10282
handler	parent	0	0	0	1	0	1	39	39	0	6128	37	0	0	0	0	0	0	0	0	0	0	0	0	0	0	0	0	0	0
handler	parent	100	100	0	60	47	56	137	82	55	21552	89	0	0	49	49	36	14	5	0	0	0	0	9	0	9	1216	1	7	0
handler	parent	1000	1000	0	97	107	140	581	290	290	91160	241	0	122	152	112	124	48	35	0	14	448	512	51	0	51	6992	17	57	0
handler	parent	10000000	2546	1	388	425	530	828	0	827	130624	319	0	236	418	327	685	188	115	0	36	1152	512	206	0	206	28696	17	57	0
list	candidate	0	0	0	1	0	1	39	39	0	6128	37	0	0	0	0	0	0	0	0	0	0	0	0	0	0	0	0	0	0
list	candidate	100	100	0	60	47	56	71	17	54	11160	49	0	0	49	49	36	14	5	0	0	0	0	9	0	9	1216	0	0	0
list	candidate	1000	1000	0	127	161	208	402	39	362	62448	142	0	28	251	134	284	75	78	0	11	352	512	60	0	60	7888	12	41	10
list	candidate	10000000	1927	1	259	429	555	722	0	717	111968	243	0	93	464	271	857	218	165	1	42	1344	512	256	0	256	33760	21	67	19
effect	candidate	0	0	0	1	0	1	39	39	0	6128	37	0	0	0	0	0	0	0	0	0	0	0	0	0	0	0	0	0	0
effect	candidate	100	100	0	60	47	56	82	28	54	12184	49	0	0	49	49	36	14	5	0	0	0	0	9	0	9	1216	0	0	0
effect	candidate	1000	1000	0	69	63	98	793	633	159	124344	351	0	37	120	86	53	23	6	0	4	128	512	15	1	14	1928	48	182	5
effect	candidate	10000000	13238	1	1546	2680	3414	4168	0	4159	653960	1368	0	1124	2235	1592	5444	1295	797	0	327	10464	4096	1784	0	1753	242616	117	307	44
captured	candidate	0	0	0	1	0	1	39	39	0	6128	37	0	0	0	0	0	0	0	0	0	0	0	0	0	0	0	0	0	0
captured	candidate	100	100	0	60	47	56	72	18	54	10936	49	0	0	49	49	36	14	5	0	0	0	0	9	0	9	1216	0	0	0
captured	candidate	1000	1000	0	114	146	210	497	185	312	77544	150	0	36	240	155	266	67	65	0	10	320	512	54	1	53	6688	26	92	22
captured	candidate	10000000	6889	1	2549	1992	2605	1839	0	1814	285336	593	0	304	1130	759	5031	949	969	13	140	4480	2048	1161	0	1128	156648	64	156	77
quick	candidate	0	0	0	1	0	1	39	39	0	6128	37	0	0	0	0	0	0	0	0	0	0	0	0	0	0	0	0	0	0
quick	candidate	100	100	0	60	47	56	79	25	54	11800	49	0	0	49	49	36	14	5	0	0	0	0	9	0	9	1216	0	0	0
quick	candidate	1000	1000	0	61	48	59	1303	1246	57	184904	243	0	2	50	50	37	14	6	0	0	0	0	9	0	9	1216	206	622	104
quick	candidate	10000000	765341	1	1037912	114387	94975	43802	0	42468	6801280	13869	0	5442	27773	20620	200407	27387	24506	90	3702	118464	32768	32853	0	32074	4396408	1818	4883	10460
handler	candidate	0	0	0	1	0	1	39	39	0	6128	37	0	0	0	0	0	0	0	0	0	0	0	0	0	0	0	0	0	0
handler	candidate	100	100	0	60	47	56	134	79	55	21208	89	0	0	49	49	36	14	5	0	0	0	0	9	0	9	1216	1	7	0
handler	candidate	1000	1000	0	98	108	144	576	290	285	90608	241	0	126	157	116	125	48	35	0	14	448	512	52	0	52	7176	17	57	0
handler	candidate	10000000	2505	1	388	425	530	808	0	807	127744	319	0	228	418	327	685	188	115	0	36	1152	512	206	0	206	28696	17	57	0
