sample	revision	requested_fuel	steps	status	terms	occurrences	evidence	jobs	job_bytes	result_refs
list	19a166a	0	0	pending	1	0	1	39	6280	0
list	candidate	0	0	pending	1	0	1	39	6272	0
list	19a166a	100	100	pending	4	7	11	60	10328	11
list	candidate	100	100	pending	4	7	11	60	10280	11
list	19a166a	1000	1000	pending	96	108	147	399	75608	207
list	candidate	1000	1000	pending	96	108	147	399	73264	207
list	19a166a	5000000	2626	done	259	429	555	814	144440	564
list	candidate	5000000	2626	done	259	429	555	814	141800	564
effect	19a166a	5000000	17892	done	1546	2680	3414	5088	866240	2782
effect	candidate	5000000	17892	done	1546	2680	3414	5088	855192	2747
graph	19a166a	5000000	8524	done	2549	1992	2605	2056	355896	1343
graph	candidate	5000000	8524	done	2549	1992	2605	2056	353232	1343
quick	19a166a	5000000	800792	done	1037912	114387	94975	48486	8665096	33074
quick	candidate	5000000	800792	done	1037912	114387	94975	48486	8583056	33056
