kind	revision_or_sha256	path
parent	05656345a628064f5606234fbde7b5b8ea84a680	main
input	d42a2c3fbad25b4ff3a707938f69200ffc4b63f161177507d6e0c21d5dd21de3	/tmp/a-program-classifier-owner-base/src/synthesis.c
input	c3a20c10f181255d5e99276c783e7a0a7e34996fca19795f0c8786ff3d06dedf	src/prototype/solver_inputs/synthesis.c.patch
input	2d03c4a05f3af1b30ef383c5371cf05ff3bcb0c3ceb139821386a6244fd226f3	src/prototype/solver_inputs/test_patches/synthesis.c.patch
input	037227cde8a6a1c22828d633b7fa792c553603b91d5aeb947dfc3a1c074c530c	src/prototype/solver_inputs/subject_shapes_trial/src/synthesis.c
input	5c0a4e83307fe11bcd8de2f83fcec3e359535f293a241c33e3f5f5f849ff617d	src/prototype/solver_inputs/subject_shapes_trial/tests/synthesis.c
input	1a27e4feb8cb0360473325ffddb2590d361f0487db40c67be93517f94dd56924	/tmp/a-program-subject-shapes/pointer-check
input	e76220125c192cce8ed6e694b586db9c03c66daf85730fb3061fb152a7e14ff9	/tmp/a-program-subject-shapes/synthesis_test
input	668cd396eda8b997ad40e5e69b582218e6932e78075e015a4f4c0c5899306c7c	/tmp/a-program-subject-shapes-artifact/artifact_state_audit
input	f2d58b2c2161c086f62022943ca63e9acdca3c2dd7c6fd1979cc4c7ff7c15b37	examples/09_list_induction.p
input	ffc30183819f8c60017bf1dfe7109a04f0f75595fd5afeff6f076f0d9c37e928	tests/acceptance/effect-application.p
input	d413867b85c37586d4e901e0212427666efdca2ad46845d7a26d64c0628acab1	tests/acceptance/function-graph-captured-match.p
input	d3ca3cecdcb7be94aabe268d47f2dd7e3ec0d4db71610ff1efe24552dd980869	/tmp/a-program-state-audit-quick-local.p
input	f904010c3ad9ff109f73535b0019f9329d10202eb583e43d9ddab84a16b8f6e2	src/prototype/c_backend/fixtures/handler.p
report	72c1f7c217c793e2c7e5d91cdc976f97cf78e90e2618bc2677440be10c57efa6	src/prototype/solver_inputs/subject_shapes_measurements.tsv
report	79f3fe7f8b2972dd69f8da4e331243b8da5784187ebc53e95d54189f7293e9e6	src/prototype/solver_inputs/subject_shapes_delta.tsv
report	c38040dc58ca5711bef742e867919d7f9605d398772ed961522f7d503ed48d2b	src/prototype/solver_inputs/subject_shapes_images.tsv
report	0208bc6ba4efa0344aab970e6d75d41090d1b9d40c11ced6baaf430b196142d1	src/prototype/solver_inputs/subject_shapes_partitions.tsv
