sample	revision	requested_fuel	steps	status	terms	occurrences	evidence	jobs	job_bytes	result_refs	premise_edges	retained_premise_edges	typed_queries
list	ba1e0d7	0	0	0	1	0	1	39	6272	0	0	0	0
list	ba1e0d7	100	100	0	4	7	11	60	9512	11	7	7	0
list	ba1e0d7	1000	1000	0	96	109	148	385	66824	205	191	177	30
list	ba1e0d7	5000000	2597	1	259	429	555	782	130568	542	857	816	256
list	ba1e0d7+transparent-structure	0	0	0	1	0	1	39	6272	0	0	0	0
list	ba1e0d7+transparent-structure	100	100	0	4	7	11	60	9512	11	7	7	0
list	ba1e0d7+transparent-structure	1000	1000	0	96	109	148	384	66720	204	191	177	30
list	ba1e0d7+transparent-structure	5000000	2618	1	259	429	555	772	129168	542	857	816	256
effect	ba1e0d7	0	0	0	1	0	1	39	6272	0	0	0	0
effect	ba1e0d7	100	100	0	4	7	11	60	9512	11	7	7	0
effect	ba1e0d7	1000	1000	0	66	56	71	794	140368	96	44	40	13
effect	ba1e0d7	5000000	17648	1	1546	2680	3414	4861	794136	2608	5444	5262	1785
effect	ba1e0d7+transparent-structure	0	0	0	1	0	1	39	6272	0	0	0	0
effect	ba1e0d7+transparent-structure	100	100	0	4	7	11	60	9512	11	7	7	0
effect	ba1e0d7+transparent-structure	1000	1000	0	66	56	71	801	141728	96	44	40	13
effect	ba1e0d7+transparent-structure	5000000	17551	1	1546	2680	3414	4730	775656	2609	5444	5262	1785
captured	ba1e0d7	0	0	0	1	0	1	39	6272	0	0	0	0
captured	ba1e0d7	100	100	0	4	7	11	60	9512	11	7	7	0
captured	ba1e0d7	1000	1000	0	125	149	194	326	53752	191	259	240	58
captured	ba1e0d7	5000000	2885	1	361	632	797	647	105048	479	1422	1380	303
captured	ba1e0d7+transparent-structure	0	0	0	1	0	1	39	6272	0	0	0	0
captured	ba1e0d7+transparent-structure	100	100	0	4	7	11	60	9512	11	7	7	0
captured	ba1e0d7+transparent-structure	1000	1000	0	125	149	194	324	53656	192	259	240	58
captured	ba1e0d7+transparent-structure	5000000	2885	1	361	632	797	642	104368	479	1422	1380	303
quick	ba1e0d7	0	0	0	1	0	1	39	6272	0	0	0	0
quick	ba1e0d7	100	100	0	4	7	11	60	9512	11	7	7	0
quick	ba1e0d7	1000	1000	0	60	47	56	1202	190536	50	36	32	9
quick	ba1e0d7	5000000	799129	1	1037912	114387	94975	46932	7965984	31607	200407	198977	32853
quick	ba1e0d7+transparent-structure	0	0	0	1	0	1	39	6272	0	0	0	0
quick	ba1e0d7+transparent-structure	100	100	0	4	7	11	60	9512	11	7	7	0
quick	ba1e0d7+transparent-structure	1000	1000	0	60	47	56	1202	190536	50	36	32	9
quick	ba1e0d7+transparent-structure	5000000	798855	1	1037914	114387	94975	46381	7886872	31607	200407	198977	32853
