admit	0	0
emit	0	0
repeat	0	0
deterministic	0	0
clause	0	0
partition	0	0
append	0	0
accessibility	0	0
comparison	0	0
different_measure	4	4
no_partial_measure	0	0
same_measure	4	4
no_partial_same_measure	0	0
different_outer	4	4
no_partial_outer	0	0
same_outer	4	4
no_partial_same_outer	0	0
wrong_family	4	4
no_partial_family	0	0
prior_shape	4	4
source	0	0
measure_source	0	0
main_build	0	0
main_client	0	0
source_match	0	0
measure_build	0	0
measure_client	0	0
measure_match	0	0
resource_compile	0	0
resource_link	0	0
resource	0	0
Core_sort_observations	0	0
oracle_compile	0	0
oracle_link	0	0
oracle_client	0	0
