file	kind	added_lines	deleted_lines	promotion_target	semantic_added	semantic_deleted
doc/2026-10-03-SURFACE-EPOCH-1-HANDOFF.md	doc	6	2	-	-	-
doc/2026-10-03-SURFACE-EPOCH-2-HANDOFF.md	doc	136	0	-	-	-
doc/2026-10-03-SURFACE-GOAL.md	doc	56	17	-	-	-
src/prototype/surface/epoch-2-deltas.tsv	evidence	18	0	-	-	-
src/prototype/surface/epoch-2-files.txt	evidence	17	0	-	-	-
src/prototype/surface/epoch-2-manifest.sha256	evidence	16	0	-	-	-
src/prototype/surface/results/epoch-2-acceptance.log	evidence	159	0	-	-	-
src/prototype/surface/results/epoch-2-artifact.log	evidence	60	0	-	-	-
src/prototype/surface/results/epoch-2-baseline-partitions.log	evidence	6	0	-	-	-
src/prototype/surface/results/epoch-2-baseline-partitions.tsv	evidence	41	0	-	-	-
src/prototype/surface/results/epoch-2-gates.tsv	evidence	14	0	-	-	-
src/prototype/surface/results/epoch-2-inputs.json	evidence	43	0	-	-	-
src/prototype/surface/results/epoch-2-partition-comparison.json	evidence	41	0	-	-	-
src/prototype/surface/results/epoch-2-partitions.tsv	evidence	41	0	-	-	-
src/prototype/surface/results/epoch-2-sanitizer.log	evidence	68	0	-	-	-
src/prototype/surface/results/epoch-2-witness.log	evidence	5	0	-	-	-
src/prototype/surface/test_patches/function_witness_isolation.sh.patch	test	7	0	tests/function_witness_isolation.sh	1	1
