partition	path	budget	used	status	bytes	delta	size_equal	byte_equal	status_equal	fuel_equal
0:0	single	0	0	pending	26425	0	yes	yes	yes	yes
0:0	memory	0	0	pending	26425	0	yes	yes	yes	yes
0:0	save-without-reload	0	0	pending	26425	0	yes	yes	yes	yes
0:0	reload	0	0	pending	26425	0	yes	yes	yes	yes
0:20	single	20	20	pending	26425	0	yes	yes	yes	yes
0:20	memory	20	20	pending	26425	0	yes	yes	yes	yes
0:20	save-without-reload	20	20	pending	26425	0	yes	yes	yes	yes
0:20	reload	20	20	pending	26425	0	yes	yes	yes	yes
20:0	single	20	20	pending	26425	0	yes	yes	yes	yes
20:0	memory	20	20	pending	26425	0	yes	yes	yes	yes
20:0	save-without-reload	20	20	pending	26425	0	yes	yes	yes	yes
20:0	reload	20	20	pending	26425	0	yes	yes	yes	yes
10:10	single	20	20	pending	26425	0	yes	yes	yes	yes
10:10	memory	20	20	pending	26425	0	yes	yes	yes	yes
10:10	save-without-reload	20	20	pending	26425	0	yes	yes	yes	yes
10:10	reload	20	20	pending	26425	0	yes	yes	yes	yes
1:19	single	20	20	pending	26425	0	yes	yes	yes	yes
1:19	memory	20	20	pending	26425	0	yes	yes	yes	yes
1:19	save-without-reload	20	20	pending	26425	0	yes	yes	yes	yes
1:19	reload	20	20	pending	26425	0	yes	yes	yes	yes
100:100	single	200	200	pending	28062	0	yes	yes	yes	yes
100:100	memory	200	200	pending	28062	0	yes	yes	yes	yes
100:100	save-without-reload	200	200	pending	28062	0	yes	yes	yes	yes
100:100	reload	200	200	pending	28062	0	yes	yes	yes	yes
1000:1000	single	2000	1915	done	51876	0	yes	yes	yes	yes
1000:1000	memory	2000	1915	done	51876	0	yes	yes	yes	yes
1000:1000	save-without-reload	2000	1915	done	51876	0	yes	yes	yes	yes
1000:1000	reload	2000	2000	pending	32752	-19124	no	no	no	no
1600:1600	single	3200	1915	done	51876	0	yes	yes	yes	yes
1600:1600	memory	3200	1915	done	51876	0	yes	yes	yes	yes
1600:1600	save-without-reload	3200	1915	done	51876	0	yes	yes	yes	yes
1600:1600	reload	3200	3200	pending	38354	-13522	no	no	no	no
1915:0	single	1915	1915	done	51876	0	yes	yes	yes	yes
1915:0	memory	1915	1915	done	51876	0	yes	yes	yes	yes
1915:0	save-without-reload	1915	1915	done	51876	0	yes	yes	yes	yes
1915:0	reload	1915	1915	pending	51876	0	yes	yes	no	yes
0:1915	single	1915	1915	done	51876	0	yes	yes	yes	yes
0:1915	memory	1915	1915	done	51876	0	yes	yes	yes	yes
0:1915	save-without-reload	1915	1915	done	51876	0	yes	yes	yes	yes
0:1915	reload	1915	1915	done	51876	0	yes	yes	yes	yes
