gate	exit	local_report	sha256
full-O2-acceptance-seven-checkpoints	0	/tmp/job-evidence-e7-acceptance.log	913c738c843f5ea7cdce71610466370e9582cb587b3d2b2ef502a87fb5aa2bfd
focused-corrected	0	/tmp/job-evidence-e7-focused-final.log	e77e1f3e89573f3b90341554a14d88de19e61465de97870a3efb3043a6a43984
focused-owner-controls	0	/tmp/job-evidence-e7-focused-owners.log	398ef864b90218f9f58da3b0d73bdab52b3ac865d879d4371867db3d8ae0e39c
asan-build	0	/tmp/job-evidence-e7-asan-build.log	641cfc60327b337a67eb086a58f919e170c4ccfcca9e8b220ad6403012e78330
asan-synthesis	0	/tmp/job-evidence-e7-asan-synthesis.log	c500145c76c988830cfbdc1160ad934e4662123bd2d058c1f2e5fd554499ff8f
asan-source	0	/tmp/job-evidence-e7-asan-source.log	ab9f5495573feafadb68b3b741619f0bef57df94c2cb1b36414c92a43cf6af46
baseline-C-eight-scripts	0	/tmp/job-evidence-e7-c.log	7eeb37000202615a7755271b776fec2d44be1c5e206c8972351d0145c6720c34
census-build	0	/tmp/job-evidence-e7-census-build.log	9018863fc485cd55e85c5b6737c6a583391aa3d98198ee153677001e85816a2f
fresh-exact-156-assembly	0	/tmp/job-evidence-e7-fresh-assembly.log	e3b0c44298fc1c149afbf4c8996fb92427ae41e4649b934ca495991b7852b855
strict-public-original-three	1	/tmp/job-evidence-e7-partitions.log	b007e781f51c241a98552e2ba44952bd14ee6fc81608833868ea32632ec1d62d
initial-local-export-name-collision	2	/tmp/job-evidence-e7-focused.log	3873e8f1daddcf2000302e915cb6d4ef718afbc5461d778842591486ac9488a7
