gate	exit	local_report	sha256	exit_sha256
focused-O2-build	0	/tmp/job-evidence-e11c-focused-build.log	817a65a647a32df2c946b5283a62d5656187b4fe989c4a15d0b676511dc89b54	9a271f2a916b0b6ee6cecb2426f0b3206ef074578be55d9bc94f6f3fe3ab86aa
focused-O2-lifetime-savings-Synthesis-SourceIO-normalization	0	/tmp/job-evidence-e11c-focused.log	c3552c230722dc0f5cfe9fba2aef8df7ef70a068a62ae25c5e383459b741c3b5	9a271f2a916b0b6ee6cecb2426f0b3206ef074578be55d9bc94f6f3fe3ab86aa
affected-SAN-build	0	/tmp/job-evidence-e11c-asan-build.log	05db600debaba8334905c21b04f837a78f5cdca0f3a52cb8c051b96dfb897ec6	9a271f2a916b0b6ee6cecb2426f0b3206ef074578be55d9bc94f6f3fe3ab86aa
affected-SAN-lifetime-savings-Synthesis-SourceIO-normalization	0	/tmp/job-evidence-e11c-asan.log	4cace72d37a619ec3733b9d70c4bdd641f68f5d598f88f59ce269a88cce763c0	9a271f2a916b0b6ee6cecb2426f0b3206ef074578be55d9bc94f6f3fe3ab86aa
scratch-frame-O2-and-SAN-build	0	/tmp/job-evidence-e11c-scratch-frame-build.log	1f487d37d5cf832fb520ed9a537137bbf3558876590b40e29f96cac3377c2afb	9a271f2a916b0b6ee6cecb2426f0b3206ef074578be55d9bc94f6f3fe3ab86aa
real-scratch-frame-O2	0	/tmp/job-evidence-e11c-scratch-frame-o2.log	327761068b07ab211e09defb2b438a61f61c9d606dc52b4cbda6171b8835dfa8	9a271f2a916b0b6ee6cecb2426f0b3206ef074578be55d9bc94f6f3fe3ab86aa
real-scratch-frame-SAN	0	/tmp/job-evidence-e11c-scratch-frame-asan.log	327761068b07ab211e09defb2b438a61f61c9d606dc52b4cbda6171b8835dfa8	9a271f2a916b0b6ee6cecb2426f0b3206ef074578be55d9bc94f6f3fe3ab86aa
exact-E9-parent-counterexample	0	/tmp/job-evidence-e11c-exact-E9-parent.log	1fffbb46ba1faa0c400f3a4d3cd1e42c9fc08734a2e80932fdc1b3b314b399aa	9a271f2a916b0b6ee6cecb2426f0b3206ef074578be55d9bc94f6f3fe3ab86aa
rejected-original-E11-counterexample	1	/tmp/job-evidence-e11c-rejected-frozen-E11.log	3a4abceaa3633254173693673f47e89388c11c83dc1804c01af8d588079c2d25	4355a46b19d348dc2f57c046f8ef63d4538ebb936000f3c9ee954a27460dd865
corrected-E11-counterexample	0	/tmp/job-evidence-e11c-corrected-E11.log	1fffbb46ba1faa0c400f3a4d3cd1e42c9fc08734a2e80932fdc1b3b314b399aa	9a271f2a916b0b6ee6cecb2426f0b3206ef074578be55d9bc94f6f3fe3ab86aa
historical-inlined-scratch-build	0	/tmp/job-evidence-e11c-scratch-build.log	17b9a593c83d2f12d6d3088665d01f3db9a8b722680059c1d2d1d9b90ef46af5	9a271f2a916b0b6ee6cecb2426f0b3206ef074578be55d9bc94f6f3fe3ab86aa
historical-inlined-scratch-O2	0	/tmp/job-evidence-e11c-scratch-o2.log	327761068b07ab211e09defb2b438a61f61c9d606dc52b4cbda6171b8835dfa8	9a271f2a916b0b6ee6cecb2426f0b3206ef074578be55d9bc94f6f3fe3ab86aa
historical-inlined-scratch-SAN	0	/tmp/job-evidence-e11c-scratch-asan.log	327761068b07ab211e09defb2b438a61f61c9d606dc52b4cbda6171b8835dfa8	9a271f2a916b0b6ee6cecb2426f0b3206ef074578be55d9bc94f6f3fe3ab86aa
