phase	cut	B	R	v	useful	local_steps	status	has_module_cursor	module_position	indexed	activated	complete_names	body_links	checked_jobs	materialized	saved_complete	ready	local_evidence
before-save	0	0	0	0	0	0	0	0	0	0	0	0	0	0	0	0	39	1
loaded-untrusted	0	0	0	0	0	0	0	0	0	0	0	0	0	0	0	0	40	1
charged-validation	0	0	0	0	0	0	0	0	0	0	0	0	0	0	0	0	40	1
remaining-budget	0	0	0	0	0	0	0	0	0	0	0	0	0	0	0	0	40	1
uninterrupted	0	0	0	0	0	0	0	0	0	0	0	0	0	0	0	0	39	1
before-save	1000	1000	1000	0	0	1000	0	1	4	13	13	1	9	362	269	362	5	208
loaded-untrusted	1000	1000	1000	0	0	0	0	1	0	13	13	1	9	1	9	10	70	1
charged-validation	1000	1000	1000	1000	0	1000	0	1	4	13	13	1	9	376	281	376	11	214
remaining-budget	1000	1000	1000	1000	0	1000	0	1	4	13	13	1	9	376	281	376	11	214
loaded-untrusted	1000	1000	128	0	0	0	0	1	0	13	13	1	9	1	9	10	70	1
charged-validation	1000	1000	128	128	0	128	0	1	1	13	13	1	9	49	49	49	31	49
remaining-budget	1000	1000	128	128	872	1000	0	1	4	13	13	1	9	376	281	376	11	214
uninterrupted	1000	1000	1000	0	921	1921	1	1	13	13	13	1	9	717	540	717	0	555
before-save	1600	1600	1600	0	0	1600	0	1	4	13	13	1	9	572	422	572	3	384
loaded-untrusted	1600	1600	1600	0	0	0	0	1	0	13	13	1	9	1	11	12	70	1
charged-validation	1600	1600	1600	1600	0	1600	0	1	4	13	13	1	9	592	436	592	3	391
remaining-budget	1600	1600	1600	1600	0	1600	0	1	4	13	13	1	9	592	436	592	3	391
loaded-untrusted	1600	1600	128	0	0	0	0	1	0	13	13	1	9	1	11	12	70	1
charged-validation	1600	1600	128	128	0	128	0	1	1	13	13	1	9	49	51	49	31	49
remaining-budget	1600	1600	128	128	1472	1600	0	1	4	13	13	1	9	592	436	592	3	391
uninterrupted	1600	1600	1600	0	321	1921	1	1	13	13	13	1	9	717	540	717	0	555
before-save	1921	0	0	0	0	1921	1	1	13	13	13	1	9	717	540	717	0	555
loaded-untrusted	1921	0	0	0	0	0	0	1	0	13	13	1	9	1	17	19	75	1
charged-validation	1921	0	0	0	0	0	0	1	0	13	13	1	9	1	17	19	75	1
remaining-budget	1921	0	0	0	0	0	0	1	0	13	13	1	9	1	17	19	75	1
uninterrupted	1921	0	0	0	0	1921	1	1	13	13	13	1	9	717	540	717	0	555
