symbol	calls
whnf_step	1438077
intern	214968
step	1437844
pg_materialize_step	600511
pg_synthesis_work_role	2893667
pg_synthesis_work_state	1456523
pg_synthesis_work_project	1440628
pg_evidence_subject	1440361
pg_synthesis_enqueue	1438906
pg_whnf_advance	1438234
pg_synthesis_reduction_advance	1438171
pg_whnf_certificate	1438171
normalization_step	1437984
pg_alloc	1205483
pg_index_prepare_insert	457138
pg_index_insert	452723
reify_advance	449392
pg_index_candidates	433547
reify_request	343269
pg_term_closed	170127
pg_application	151160
dispatch	146120
pg_eval_argument	146080
independent_premises_before	96037
pg_support_construct	82578
pg_graph_destroy	81353
pg_index_destroy	79369
pg_index_init	76242
pg_eval_demand	73040
pg_eval_frame_copy_argument	73040
pg_data_dispatch	73016
pg_host_dispatch	73016
borrowed_premise_count	72747
pg_substitution_advance	57179
map_binding	53681
pg_identity_dispatch	47302
pg_symmetry_dispatch	47302
pg_eval_apply	47262
pg_typed_query_state	40971
pg_typed_query_typing	35264
pg_reference	33516
pg_binding_input	33045
intern_support	30844
pg_lambda	30292
without	29730
pg_binder	29665
borrowed_premise	29429
fold_unit_source	26209
pg_computation_eta	26209
force_answer	25778
pg_eval_enter	25778
pg_identity_action_view	25778
pg_pending_job	25745
apply_fields	25714
match_answer	25714
pg_pending_query	25046
segmented_receipt	24887
job_owner	24625
pg_evidence_premise	23604
unite	23168
return_continuation	22035
pg_occurrence_projection	21682
fold_answer	21548
request_operand	16346
pg_evidence_context_map	15595
pg_evidence_premise_count	15566
pg_occurrence_input_advance	14936
find_record_inputs	14931
conclusion_first	14352
pg_evidence_context	13583
typed_input_advance	13324
job_query	12501
pg_typed_query_role	12326
pg_synthesis_input_result	11106
pg_synthesis_work_dependency	10586
pg_synthesis_result	9994
pg_occurrence_action_advance	9183
rule_request_operand	8944
pg_pending_result	8908
job_result	8548
pg_evidence_owned_by	8396
prove_structural	7604
composition_step	7539
pg_substitution_request	6851
substitution_inputs	6851
pg_synthesis_wait_pending	6584
pg_synthesis_input_owned	6535
pg_synthesis_plain_derivation	6287
comparison_step	6246
typed_body_step	6167
pg_synthesis_status	5937
pg_synthesis_pending_status	5929
array_premise	5885
accept_record_inputs	5531
pg_substitution_result	5354
pg_data_schema_parameters	4910
pg_induction_allocation_hash	4614
find_request	4512
pg_occurrence_intern	4430
pg_typing_wait_clear	4416
pg_synthesis_pending	4339
pg_typed_query_request	4312
pg_evidence_judgement	4172
pg_occurrence_action_request	4159
resolved_input	4056
pg_synthesis_await_input	3924
pg_alpha_equal	3891
comparison_push	3862
resolved_operand	3822
pg_typed_query_result	3799
comparison_find	3729
reindex_inputs	3684
pg_prove_reindex	3659
pg_data_constructor_count	3386
pg_occurrence_action_result	3216
pg_subscription_detach	3188
pg_evidence_scope	3099
substitution_init	3079
pg_synthesis_await	2969
pg_typing_wait_pop	2833
action_result	2744
pg_synthesis_work_request_key	2276
pg_evidence_for_scope	2267
pg_evidence_rule	2226
pg_pi_view	2138
typed_classifier_step	2119
pg_context_parent_input	2048
checked_input	1998
pg_typed_query_advance	1952
pg_prove_substitution_extension	1949
pg_typing_wait_push	1880
pg_occurrence_mapped	1834
pg_universe_level	1793
pg_synthesis_work_find	1711
pg_synthesis_finish	1683
pg_synthesis_structure_valid	1672
pg_synthesis_subscribe	1626
pg_subscription_attach	1594
wake_waiter	1594
pg_evidence_for_subject	1573
pg_synthesis_work_request	1563
pg_context_lookup	1547
pg_substitution_compute	1497
pg_context_extension_size	1426
pg_context_map_projection	1419
pg_synthesis_function_structure_input	1389
structural_input	1389
rule_key	1331
pg_typed_query_owned_by	1330
pg_induction_allocation_equal	1304
pg_context_map	1240
pg_prove_substitution_projection	1231
context_proof	1225
pg_prove_projection	1209
pg_synthesis_structure_input	1204
pg_synthesis_type_structure_result	1183
pg_synthesis_classifier_input	1137
join	1097
pg_context_map_extend	1067
input_request	1047
elimination_branch_input	1020
pg_occurrence	997
pg_prove_substitution_pair	988
pg_synthesis_cbpv_structure_input	988
pg_occurrence_input_result	971
pg_substitution_image_at	914
pg_context_map_bindings	912
derivation_step	899
constructor_callable_origin	891
pg_synthesis_forward	885
pg_synthesis_await_structure	884
pg_typed_input_request	865
normalization_resolved_input	830
structural_dependency	830
structure_result	795
source_application_output	791
pg_data_schema_indices	789
pg_inductive_motive_context_valid	775
pg_comparison_status	767
query_owner	747
pg_classifier_request	742
pg_occurrence_input_binder	731
rule_header	723
rule_request	706
pg_synthesis_body_input	696
pg_synthesis_rule_input	695
pg_synthesis_scope_wait	695
pg_synthesis_source_origin	684
pg_synthesis_typed_input	673
pg_synthesis_classifier_structure	672
pg_synthesis_yield_query	667
pg_data_schema_layout	664
pg_substitution_compose_request	655
sequence_project	644
pg_occurrence_scoped_input	641
pg_occurrence_input_request	640
pg_synthesis_structure_status	613
pg_data_schema_fields	612
pg_application_body_request	593
pg_prove_structural_subject	586
accept_selection	585
pg_computation_request_view	582
pg_synthesis_plain_rule_inputs	573
pg_thunk_type_view	572
pg_synthesis_quote_operand	552
pg_synthesis_callable	543
derivation_destroy	538
pg_prove_derivation_inputs	528
classifier_output	525
pg_synthesis_work_resolve	525
pg_occurrence_typed	511
pg_reader_next	510
formed_classifier	501
source_application_step	495
pg_evidence_input	493
pg_prove_substitution	491
pg_synthesis_star_application	491
body_output	484
pg_synthesis_application_callable	477
pg_synthesis_constructor_callable	477
abstract_constructor_indices	475
pg_comparison_destroy	472
pg_synthesis_projected_output	468
classifier_step	466
pg_occurrence_weaken	465
pg_conversion_status	459
pg_prove_inductive_motive_substitution	453
pg_synthesis_scope_context	451
pg_prove_inductive_motive_at	450
typed_head_request	450
pg_synthesis_logical_family_signature	427
pg_comparison_advance	426
pg_prove_value_type	425
source_application_projection	425
match_constructor_pattern	421
pg_occurrence_maps	415
typed_elimination_step	413
derivation_projection	412
pg_synthesis_classifier_structure_input	400
typed_selection_step	400
accepted_structure	399
classifier_structure_step	399
pg_synthesis_constructor_fields	387
typed_body_enter	387
typed_inductive_step	387
query_result	360
pg_pi	352
direct_recursion	350
pg_data_recursive_field	350
data_family	349
comparison_init	340
pg_context_intern	340
pg_prove_substitution_compose	339
pg_universe	335
pg_synthesis_normalize_classifier	332
reference_step	332
binding_term	317
pg_function_binding	317
pg_prove_pi	316
pg_computation_type_spine_view	315
pg_synthesis_input_kind	315
structural_input	308
scope_action_step	305
unary_formation	305
pg_occurrence_selected	302
atom_start	295
pg_synthesis_input_value_kind	295
pg_synthesis_await_preparation	290
source_reference_projection	288
pg_synthesis_independence	285
pg_context_same_allocation_shape	284
pg_data_constructor_position	277
pg_data_constructor	270
pg_prove_variable	269
pg_context_bind	262
node	261
pg_scope_intern	261
pg_prove_context_extension	260
pg_synthesis_await_pending	260
source_exports	258
function_structure_step	257
pg_synthesis_declaration_exports	256
typed_rebase_step	256
pg_synthesis_request	248
pg_thunk_type	247
pg_whnf_request	237
reduction_request	237
pg_evidence_inductive_schema	234
pi_codomain	233
resolve_reference	231
application	230
pg_occurrence_type_request	230
classifier_step	229
context_lift_request	224
named_term_ready	224
constructor_value_output	223
pg_reduction_target	223
sequence_step	217
pg_synthesis_type_structure_input	216
pg_occurrence_derived	211
pg_occurrence_boundary	205
pg_evidence_classifier	196
pg_synthesis_classifier_in	196
pg_return_body_request	193
source_context_wait	193
match_step	189
pg_synthesis_function_type_rule	185
pg_context_lift_request	184
pg_prove_type_value	183
constructor_instance	181
inductive_instance_output	181
pg_synthesis_constructor_source	180
pg_elimination_view	179
pg_occurrence_unproject	179
constructor_in_scope	172
constructor_scope_step	172
input_exports	172
pg_prove_match_branch_type	172
require	172
pg_computation_type_view	170
lift_scope	168
pg_prove_substitution_extend	168
prove_data_scope	168
certify	167
image_boundary	167
pg_synthesis_callable_source	165
pi_application_structure_step	163
register_source_reference	163
pg_synthesis_block_syntax	160
unary_term	160
prove_induction_scope	158
prove_data_elimination	154
conversion_step	151
pg_conversion_advance	151
pg_elimination_body_request	150
pg_substitution_lift_request	150
scope_image_step	150
scope_action_request	148
source_reference_input	144
pg_data_constructor_view	142
pg_prove_constructor_scope_at	142
atom	140
pg_synthesis_reduction_request	139
constructor_head	131
prepared_telescope	129
pg_synthesis_await_query	127
pg_synthesis_rule_inputs	125
pg_prove_inductive_hypothesis_type	124
pg_prove_thunk	123
function_structure_result	122
map_dependency	122
expect_step	121
pg_prove_substitution_lift	121
pg_context_lift_result	111
pg_context_map_lookup	111
selection_request	110
pg_context_declared_input	109
pg_substitution_image	108
source_reference_start	108
binding_next	107
body_step	105
prepare_reference_rule	104
pg_synthesis_inductive_instance	102
pg_reduction_policy	101
pg_reduction_source	101
pg_synthesis_source_application	101
pg_identity_formation_request	98
pg_synthesis_identity_formation	98
checked_lift_step	96
substitution_operand	96
pg_prove_normalization	93
pg_inductive_request	91
record	90
pg_context_lift_advance	87
pg_synthesis_hypothesis_syntax	87
application_constraint_step	86
content_subject	86
normalization_input	83
pg_data_match	82
selection_lift_step	81
inductive_instance_input	80
arrow	79
pg_data_recursive_match	79
constructor_view	78
definition_step	78
pg_data_schema_declaration	78
pg_synthesis_expect_target	78
pg_synthesis_index_transport_target	78
scope_ready	76
pg_synthesis_body	75
pg_synthesis_convert	75
pg_term_independent	75
body_rule	74
pg_data_declaration_view	73
pg_pi_constant_codomain	73
domain_output	72
telescope_output	72
expression_mode	71
pg_prove_pi_constant_codomain	71
pg_data_declaration_parameters	70
normalize	69
pg_whnf_status	69
definition_scope_step	67
source_lambda_output	66
pg_synthesis_intern_scope	65
function_structure_completed	63
function_structure_destroy	63
pg_synthesis_application_domain	63
pg_synthesis_normalize	63
substitution_output	63
pg_independence_init	62
pg_synthesis_input_context_binder	62
pg_occurrence_input_blocked_source	61
pg_prove_return_content	60
pg_synthesis_expect_inputs	60
source_binding_intern	60
pg_conversion_left	59
pg_conversion_right	59
pg_occurrence_reclassified	59
pg_prove_conversion	59
pg_computation_type	58
pg_computation_type_spine	58
pg_synthesis_lambda_body	56
pg_prove_lambda	55
append_item	53
pg_occurrence_input_resume_request	53
pg_eval_destroy	50
pg_synthesis_source_binder	49
elimination_instance	48
match_function_input	48
pg_dag_add	48
pg_dag_advance	48
pg_dag_destroy	48
pg_dag_init	48
pg_occurrence_input_mapped_request	48
schema_receipt	48
pg_rebase_request	45
pg_prove_pi_domain	43
binding_step	42
data_result_output	42
pg_data_schema_result	42
telescope_projection	40
pg_data_schema_field	39
source_expect_step	39
pg_cbpv_proof_inputs	38
pg_function_proof_inputs	38
pg_identity_proof_inputs	38
typed_inputs	38
pg_prove_application	37
constructor_output	35
definitions_step	35
pg_effect_row	35
body_project	34
domain_step	34
pg_check_scope_action	34
pg_parser_next	34
pg_synthesis_constructor_scope	33
pg_synthesis_induction_scope	33
pg_synthesis_register_name	33
application_bind	32
pg_conversion_destroy	32
pg_prove_fold	32
pg_reduction_head_congruence	32
pg_synthesis_result_context	32
pg_synthesis_sequence	32
pg_synthesis_telescope_body	32
sequence_completed	32
sequence_destroy	32
pg_effect_union	31
pg_synthesis_classifier_formation_input	31
pg_synthesis_declared_type	31
match_induction_scope	30
motive_demands	30
pg_computation_fold	30
pg_computation_fold_inputs	30
pg_host_function_view	30
pg_inductive_query_result	29
data_schema_step	28
pg_occurrence_instantiate_request	28
pg_synthesis_abstract	27
definition_start	26
pg_prove_force	26
pg_prove_thunk_content	26
formation_advance	25
formation_origin_step	25
origin_step	25
pg_reindex_receipt	25
pg_synthesis_reindex_input	25
telescope_step	25
constructor_value_step	23
typed_origin_step	23
constructor_step	22
family_application	22
pg_construction_origin_request	22
pg_host_function	22
pg_prove_constructor_scope	22
pg_synthesis_name	22
source_expect_output	21
inductive_instance_step	20
binding_context	19
input_count	19
match_demand_step	19
pg_evidence_binding_scope	19
pg_synthesis_scope_bind	19
family_parameter_annotation	17
item_node	17
pg_construction_origin_environment	17
pg_synthesis_binding_at	17
contents_step	16
conversion_destroy	16
pg_comparison_init	16
pg_conversion_certificate	16
pg_conversion_init	16
pg_prove_computation_type	16
pg_prove_family_application	16
pg_synthesis_constructor_input	16
pi_scope_start	16
constructor_value_request	15
pg_synthesis_constructor_value	15
substitution_step	15
branch_dependencies	14
data_result_step	14
pg_synthesis_reindex_step	14
pg_effect_count	13
source_lambda_step	13
formation_from_origin	12
induction_branch_output	12
pg_dag_find	12
pg_identity_boundary_type	12
pg_identity_boundary_view	12
pg_synthesis_binding_scope	12
pg_synthesis_inductive_instance_result	12
pg_synthesis_return	12
pg_synthesis_telescope	12
schema_fields_check	12
source_pi_step	12
case_field_scope	11
induction_scope_step	11
pg_prove_return_contract	11
pg_synthesis_constructor_binder	11
declaration_step	10
pg_host_function_name	10
pg_prove_host_function	10
pg_pure_computation_type_view	10
pg_synthesis_type_input	10
source_lambda_projection	10
induction_branch_step	9
pg_host_type_name	9
pg_prove_constructor_instance	9
pg_prove_host_type	9
pg_synthesis_binding	9
pg_synthesis_handler_syntax	9
pg_synthesis_source_star	9
pg_synthesis_substitution_pair	9
field_level	8
pg_data_schema_field_level	8
pg_evidence_induction_allocation	8
pg_prove_return_value	8
pg_reduction_phases	8
pg_synthesis_allocation_object	8
pg_synthesis_declaration_allocation	8
pg_synthesis_register_source_allocation	8
pg_synthesis_schema_allocation	8
register_source_metadata	8
subject_normalization	8
unary_term_content	8
pg_host_type	7
pg_syntax_constructor_telescope	7
pg_synthesis_constant_result	7
pg_synthesis_data_result	7
pg_synthesis_substitution	7
pg_synthesis_telescope_scope	7
source_expect_request	7
pg_synthesis_compare_terms	6
pg_synthesis_source_lambda	6
pg_whnf_result	6
substitution_completed	6
substitution_destroy	6
pg_prove_universe	5
declaration_body	4
declaration_build	4
declaration_completed	4
family_in_scope	4
field_positive	4
inductive_motive_context	4
match_motive_context	4
pg_data_declaration_family	4
pg_data_family_object	4
pg_data_field_positive	4
pg_data_layout	4
pg_data_schema	4
pg_data_schema_positive	4
pg_data_signature	4
pg_prove_inductive_motive_context	4
pg_prove_inductive_type	4
pg_synthesis_bind	4
pg_synthesis_data_schema_at	4
pg_synthesis_declaration_metadata	4
pg_synthesis_schema_members	4
pg_synthesis_source_declaration	4
projected_image	4
schema_build	4
schema_destroy	4
source_match_completed	4
match_induction_source	3
pg_data_result	3
pg_host_operation_types	3
pg_prove_empty_context	3
pg_prove_induction_at	3
pg_prove_pattern_type	3
pg_synthesis_induction_branch	3
pg_synthesis_source_pi	3
substitution_image_range	3
match_result_step	2
operation_step	2
pg_context_signature	2
pg_operation_declaration_at	2
pg_operation_payload_type	2
pg_operation_response_type	2
pg_synthesis_application	2
pg_synthesis_constructor_scope_allocation	2
request_evaluation	2
compare_effects	1
definition_registration	1
definition_scope_destroy	1
mark_index_names	1
pg_computation_request	1
pg_data_declaration_layout	1
pg_data_matcher	1
pg_effect_inference_destroy	1
pg_effect_inference_init	1
pg_graph_init	1
pg_host_print	1
pg_operation_label	1
pg_operation_label_types	1
pg_parser_init	1
pg_parser_program	1
pg_program_allocate	1
pg_program_allocate_empty	1
pg_program_destroy	1
pg_program_source	1
pg_prove_family_abstraction	1
pg_prove_family_context_extension	1
pg_prove_match	1
pg_prove_request	1
pg_reader_init	1
pg_subscription_notify	1
pg_substitution_work_destroy	1
pg_substitution_work_init	1
pg_synthesis_advance	1
pg_synthesis_destroy	1
pg_synthesis_init	1
pg_synthesis_namespace	1
pg_synthesis_operation_request	1
pg_synthesis_prepare_module	1
pg_synthesis_root	1
pg_synthesis_work_destroy	1
pg_typing_destroy	1
pg_typing_init	1
pg_whnf_work_destroy	1
pg_whnf_work_init	1
publish_namespace	1
report	1
report_index_path	1
retain_root	1
steps_argument	1
